,Trial
0,1.9468364715576172
1,1.938741683959961
2,1.931069254875183
3,1.9228357076644897
4,1.913965106010437
5,1.904629111289978
6,1.8946465253829956
7,1.8840879201889038
8,1.8728306293487549
9,1.8609182834625244
10,1.848554253578186
11,1.8356841802597046
12,1.8224560022354126
13,1.8087652921676636
14,1.795204997062683
15,1.781288981437683
16,1.7676528692245483
17,1.75436532497406
18,1.7414484024047852
19,1.7290738821029663
20,1.7170966863632202
21,1.7060661315917969
22,1.6957086324691772
23,1.6856498718261719
24,1.6768594980239868
25,1.6687973737716675
26,1.6614569425582886
27,1.6551240682601929
28,1.649904489517212
29,1.645189881324768
30,1.6413919925689697
31,1.63849675655365
32,1.6363023519515991
33,1.6343730688095093
34,1.6327203512191772
35,1.631211519241333
36,1.6298054456710815
37,1.629008173942566
38,1.6278107166290283
39,1.6271570920944214
40,1.6259030103683472
41,1.6257591247558594
42,1.625440239906311
43,1.6255520582199097
44,1.6251620054244995
45,1.624614953994751
46,1.6244672536849976
47,1.6244925260543823
48,1.6242588758468628
49,1.6247934103012085
50,1.624180793762207
51,1.6246649026870728
52,1.6242214441299438
53,1.624253511428833
54,1.6246156692504883
55,1.6241512298583984
56,1.624222993850708
57,1.624306321144104
58,1.624062418937683
59,1.623977541923523
60,1.6245930194854736
61,1.6244490146636963
62,1.6243857145309448
63,1.624502182006836
64,1.624804139137268
65,1.6243995428085327
66,1.6243925094604492
67,1.6242752075195312
68,1.624475359916687
69,1.6240566968917847
70,1.6246474981307983
71,1.6243486404418945
72,1.6246553659439087
73,1.6246397495269775
74,1.6246427297592163
75,1.6245183944702148
76,1.6247692108154297
77,1.624541163444519
78,1.6244077682495117
79,1.624584436416626
80,1.624198317527771
81,1.6245195865631104
82,1.6245015859603882
83,1.62432062625885
84,1.6244703531265259
85,1.6245323419570923
86,1.624086618423462
87,1.6244850158691406
88,1.624494194984436
89,1.6243524551391602
90,1.6240196228027344
91,1.6238895654678345
92,1.6240205764770508
93,1.624436616897583
94,1.6241165399551392
95,1.6238898038864136
96,1.6242226362228394
97,1.6237634420394897
98,1.6238479614257812
99,1.6236810684204102
100,1.6242763996124268
101,1.623677134513855
102,1.6237871646881104
103,1.6234779357910156
104,1.623429536819458
105,1.6235849857330322
106,1.6233881711959839
107,1.6235889196395874
108,1.6232035160064697
109,1.62334406375885
110,1.6231447458267212
111,1.623300552368164
112,1.6229336261749268
113,1.623015284538269
114,1.6231893301010132
115,1.6232130527496338
116,1.6229114532470703
117,1.6231721639633179
118,1.6232852935791016
119,1.6225502490997314
120,1.62289559841156
121,1.6233497858047485
122,1.6227883100509644
123,1.6226739883422852
124,1.623207688331604
125,1.6231698989868164
126,1.6227554082870483
127,1.623002052307129
128,1.622571587562561
129,1.6226005554199219
130,1.6226587295532227
131,1.6225862503051758
132,1.6224879026412964
133,1.6225708723068237
134,1.6224768161773682
135,1.622348427772522
136,1.6224473714828491
137,1.622675895690918
138,1.6225000619888306
139,1.622606635093689
140,1.6223338842391968
141,1.622417688369751
142,1.6224273443222046
143,1.6226282119750977
144,1.622401237487793
145,1.622361183166504
146,1.6221882104873657
147,1.62236750125885
148,1.6218429803848267
149,1.6226246356964111
150,1.6221411228179932
151,1.622249960899353
152,1.6223888397216797
153,1.6220817565917969
154,1.6223074197769165
155,1.6221493482589722
156,1.6218336820602417
157,1.622369647026062
158,1.622018814086914
159,1.6220066547393799
160,1.6220152378082275
161,1.6223297119140625
162,1.621553659439087
163,1.6219385862350464
164,1.6220651865005493
165,1.6220054626464844
166,1.6222213506698608
167,1.6217411756515503
168,1.621785044670105
169,1.6219837665557861
170,1.6219285726547241
171,1.6217542886734009
172,1.6218595504760742
173,1.6218327283859253
174,1.6218589544296265
175,1.6216644048690796
176,1.622004508972168
177,1.6221357583999634
178,1.6220210790634155
179,1.6220085620880127
180,1.621944785118103
181,1.6221517324447632
182,1.6219009160995483
183,1.6218456029891968
184,1.62191903591156
185,1.6218805313110352
186,1.6217540502548218
187,1.6219176054000854
188,1.6216249465942383
189,1.6219875812530518
190,1.621850609779358
191,1.6218479871749878
192,1.6218044757843018
193,1.6217622756958008
194,1.6218833923339844
195,1.621670126914978
196,1.621869683265686
197,1.6215208768844604
198,1.6217212677001953
199,1.6215351819992065
200,1.6219395399093628
201,1.6218775510787964
202,1.6218225955963135
203,1.6217435598373413
204,1.6215571165084839
205,1.6217291355133057
206,1.621617317199707
207,1.6218942403793335
208,1.6215078830718994
209,1.6218904256820679
210,1.621572494506836
211,1.6216957569122314
212,1.621816635131836
213,1.6219720840454102
214,1.621384859085083
215,1.6220251321792603
216,1.621455192565918
217,1.6216036081314087
218,1.6215590238571167
219,1.6214812994003296
220,1.6216882467269897
221,1.6213715076446533
222,1.621651530265808
223,1.6219217777252197
224,1.6214865446090698
225,1.62178635597229
226,1.6214488744735718
227,1.621724009513855
228,1.6213274002075195
229,1.621324896812439
230,1.6215318441390991
231,1.6215263605117798
232,1.621368408203125
233,1.6217399835586548
234,1.6216106414794922
235,1.6217107772827148
236,1.6216801404953003
237,1.6215835809707642
238,1.6216096878051758
239,1.621458649635315
240,1.6216808557510376
241,1.6215441226959229
242,1.621691107749939
243,1.6216322183609009
244,1.6218382120132446
245,1.6214895248413086
246,1.6216949224472046
247,1.6216659545898438
248,1.6215571165084839
249,1.6214884519577026
250,1.621776819229126
251,1.6216325759887695
252,1.6215885877609253
253,1.6215832233428955
254,1.6217947006225586
255,1.6217409372329712
256,1.6217454671859741
257,1.6216201782226562
258,1.6218153238296509
259,1.621760368347168
260,1.6215705871582031
261,1.6215156316757202
262,1.6217291355133057
263,1.6217626333236694
264,1.6218076944351196
265,1.6215097904205322
266,1.6215295791625977
267,1.6218143701553345
268,1.6215261220932007
269,1.6216541528701782
270,1.6216191053390503
271,1.6214498281478882
272,1.6217682361602783
273,1.621638536453247
274,1.6216055154800415
275,1.621282935142517
276,1.6215219497680664
277,1.6215862035751343
278,1.6215574741363525
279,1.6215193271636963
280,1.6218236684799194
281,1.6215934753417969
282,1.6217135190963745
283,1.6213924884796143
284,1.621810793876648
285,1.6216486692428589
286,1.621637225151062
287,1.6219123601913452
288,1.6214523315429688
289,1.621460199356079
290,1.621858835220337
291,1.621949553489685
292,1.6217454671859741
293,1.6212526559829712
294,1.6216248273849487
295,1.6216487884521484
296,1.621782660484314
297,1.6213188171386719
298,1.6216782331466675
299,1.6217126846313477
300,1.6214888095855713
301,1.6214239597320557
302,1.621561884880066
303,1.6217607259750366
304,1.621733546257019
305,1.6215572357177734
306,1.6217424869537354
307,1.621317744255066
308,1.6214876174926758
309,1.6214936971664429
310,1.6213915348052979
311,1.6217892169952393
312,1.6214090585708618
313,1.621741533279419
314,1.6215518712997437
315,1.621343970298767
316,1.621852159500122
317,1.6215934753417969
318,1.621566653251648
319,1.6216381788253784
320,1.6216200590133667
321,1.6216281652450562
322,1.6217466592788696
323,1.6215076446533203
324,1.621805191040039
325,1.6215593814849854
326,1.621869444847107
327,1.6216669082641602
328,1.6215898990631104
329,1.6216585636138916
330,1.6215298175811768
331,1.621641755104065
332,1.6213747262954712
333,1.6217344999313354
334,1.6218626499176025
335,1.621567726135254
336,1.6215540170669556
337,1.6215685606002808
338,1.6216133832931519
339,1.6214262247085571
340,1.6216204166412354
341,1.6215604543685913
342,1.6215019226074219
343,1.6216373443603516
344,1.6215763092041016
345,1.6215099096298218
346,1.6217631101608276
347,1.6215260028839111
348,1.6218191385269165
349,1.6214981079101562
350,1.6216849088668823
351,1.6214393377304077
352,1.62172532081604
353,1.6215015649795532
354,1.6215641498565674
355,1.621673583984375
356,1.6217478513717651
357,1.621508240699768
358,1.6217548847198486
359,1.6216230392456055
360,1.6215085983276367
361,1.621535301208496
362,1.6218414306640625
363,1.6218023300170898
364,1.6216353178024292
365,1.6217947006225586
366,1.6219532489776611
367,1.6214046478271484
368,1.6213983297348022
369,1.6217317581176758
370,1.6215919256210327
371,1.6217319965362549
372,1.6213124990463257
373,1.621479868888855
374,1.6215686798095703
375,1.6217893362045288
376,1.6216678619384766
377,1.621604323387146
378,1.6217106580734253
379,1.6215261220932007
380,1.6214977502822876
381,1.621438980102539
382,1.6216137409210205
383,1.6215240955352783
384,1.6217854022979736
385,1.6216400861740112
386,1.6218903064727783
387,1.6218492984771729
388,1.6219028234481812
389,1.6215184926986694
390,1.6217087507247925
391,1.621622085571289
392,1.6217012405395508
393,1.6215448379516602
394,1.62152898311615
395,1.6215358972549438
396,1.62161386013031
397,1.6214046478271484
398,1.6215358972549438
399,1.6217211484909058
400,1.6215202808380127
401,1.6216834783554077
402,1.6215828657150269
403,1.621689796447754
404,1.6214144229888916
405,1.6215966939926147
406,1.6215221881866455
407,1.6215839385986328
408,1.6216936111450195
409,1.621226191520691
410,1.621502161026001
411,1.6213569641113281
412,1.6214231252670288
413,1.6217764616012573
414,1.6219017505645752
415,1.62165105342865
416,1.6216402053833008
417,1.6216920614242554
418,1.6216610670089722
419,1.6215345859527588
420,1.6217697858810425
421,1.6217445135116577
422,1.6218557357788086
423,1.6218156814575195
424,1.6215171813964844
425,1.6214580535888672
426,1.6213617324829102
427,1.6215413808822632
428,1.621772050857544
429,1.6218976974487305
430,1.6216481924057007
431,1.6218057870864868
432,1.6217972040176392
433,1.6217554807662964
434,1.6217451095581055
435,1.6216785907745361
436,1.6217056512832642
437,1.621860384941101
438,1.6216163635253906
439,1.6214100122451782
440,1.6215485334396362
441,1.6215641498565674
442,1.6214927434921265
443,1.621670126914978
444,1.621670126914978
445,1.6218236684799194
446,1.6216213703155518
447,1.621341347694397
448,1.621458649635315
449,1.6214618682861328
450,1.6218305826187134
451,1.6218324899673462
452,1.6217066049575806
453,1.6216884851455688
454,1.6213867664337158
455,1.621585488319397
456,1.621809959411621
457,1.6217098236083984
458,1.621717095375061
459,1.6218407154083252
460,1.6217374801635742
461,1.621588945388794
462,1.621721863746643
463,1.6217831373214722
464,1.621519923210144
465,1.621598482131958
466,1.621480941772461
467,1.6218618154525757
468,1.621435523033142
469,1.6216843128204346
470,1.6217342615127563
471,1.621772050857544
472,1.6218656301498413
473,1.6218184232711792
474,1.6218422651290894
475,1.6213277578353882
476,1.6217879056930542
477,1.6217577457427979
478,1.6215143203735352
479,1.6217120885849
480,1.6217164993286133
481,1.621446967124939
482,1.6216529607772827
483,1.6217412948608398
484,1.6217409372329712
485,1.6216411590576172
486,1.621446967124939
487,1.6215931177139282
488,1.6216009855270386
489,1.6218458414077759
490,1.621653437614441
491,1.6215499639511108
492,1.621702790260315
493,1.6215717792510986
494,1.6216953992843628
495,1.6214869022369385
496,1.6217336654663086
497,1.6218258142471313
498,1.62160325050354
499,1.6217120885849
500,1.6216105222702026
501,1.6217221021652222
502,1.6214723587036133
503,1.6216028928756714
504,1.621829867362976
505,1.6215740442276
506,1.6219452619552612
507,1.6216611862182617
508,1.6216562986373901
509,1.6217947006225586
510,1.6214392185211182
511,1.6216896772384644
512,1.6219227313995361
513,1.6215394735336304
514,1.6215877532958984
515,1.6215285062789917
516,1.621688723564148
517,1.6216760873794556
518,1.6215698719024658
519,1.6217212677001953
520,1.6217784881591797
521,1.6218668222427368
522,1.6215561628341675
523,1.6217306852340698
524,1.6217492818832397
525,1.6215101480484009
526,1.6215553283691406
527,1.6217330694198608
528,1.6216408014297485
529,1.6216367483139038
530,1.62163245677948
531,1.6213968992233276
532,1.6216837167739868
533,1.621744990348816
534,1.6217237710952759
535,1.6218448877334595
536,1.6219078302383423
537,1.6217291355133057
538,1.621519923210144
539,1.6215757131576538
540,1.6219171285629272
541,1.6216328144073486
542,1.6218957901000977
543,1.6216903924942017
544,1.6215829849243164
545,1.6216135025024414
546,1.6217132806777954
547,1.6214488744735718
548,1.6215218305587769
549,1.621824860572815
550,1.6218303442001343
551,1.6216449737548828
552,1.62155020236969
553,1.6216646432876587
554,1.6215581893920898
555,1.6213921308517456
556,1.6218103170394897
557,1.6215927600860596
558,1.621734619140625
559,1.6218420267105103
560,1.6214838027954102
561,1.621698260307312
562,1.621782660484314
563,1.6215803623199463
564,1.6217927932739258
565,1.6216602325439453
566,1.6216267347335815
567,1.6217221021652222
568,1.6214182376861572
569,1.6218156814575195
570,1.6216115951538086
571,1.6216953992843628
572,1.6217440366744995
573,1.6219042539596558
574,1.621744155883789
575,1.6218347549438477
576,1.6217857599258423
577,1.6218769550323486
578,1.6218525171279907
579,1.621746301651001
580,1.6216458082199097
581,1.6217714548110962
582,1.6218117475509644
583,1.621695876121521
584,1.6215676069259644
585,1.6217676401138306
586,1.6217464208602905
587,1.6218318939208984
588,1.6216888427734375
589,1.6215301752090454
590,1.6215845346450806
591,1.6216875314712524
592,1.6216167211532593
593,1.621824860572815
594,1.6217615604400635
595,1.6217278242111206
596,1.621776819229126
597,1.6217135190963745
598,1.6217888593673706
599,1.6216801404953003
600,1.621664047241211
601,1.6217939853668213
602,1.6216942071914673
603,1.6216169595718384
604,1.6217504739761353
605,1.6217588186264038
606,1.6217964887619019
607,1.6216026544570923
608,1.6214519739151
609,1.6215890645980835
610,1.621559500694275
611,1.6217905282974243
612,1.6216061115264893
613,1.6219065189361572
614,1.621773362159729
615,1.6218076944351196
616,1.6216808557510376
617,1.6216917037963867
618,1.6217107772827148
619,1.6216545104980469
620,1.621759057044983
621,1.6217783689498901
622,1.6216598749160767
623,1.6216564178466797
624,1.6218770742416382
625,1.6216915845870972
626,1.6216315031051636
627,1.6217657327651978
628,1.6217647790908813
629,1.6216834783554077
630,1.62179696559906
631,1.6216634511947632
632,1.6216700077056885
633,1.6218435764312744
634,1.6217361688613892
635,1.6217641830444336
636,1.6217308044433594
637,1.6218700408935547
638,1.6216787099838257
639,1.6215828657150269
640,1.6218960285186768
641,1.6218618154525757
642,1.6218985319137573
643,1.6217628717422485
644,1.6216367483139038
645,1.6217663288116455
646,1.6218136548995972
647,1.6218109130859375
648,1.6217821836471558
649,1.6217031478881836
650,1.6215988397598267
651,1.6216617822647095
652,1.6216280460357666
653,1.6216566562652588
654,1.6214344501495361
655,1.621662974357605
656,1.6218537092208862
657,1.621527910232544
658,1.6218559741973877
659,1.6216939687728882
660,1.6217848062515259
661,1.6217621564865112
662,1.6220266819000244
663,1.621429443359375
664,1.6215237379074097
665,1.6216782331466675
666,1.6216751337051392
667,1.6216726303100586
668,1.6217468976974487
669,1.6217275857925415
670,1.6217316389083862
671,1.6215496063232422
672,1.6216974258422852
673,1.621612787246704
674,1.6218016147613525
675,1.6219390630722046
676,1.6218293905258179
677,1.6213874816894531
678,1.6217581033706665
679,1.6215317249298096
680,1.6217893362045288
681,1.6215486526489258
682,1.6216461658477783
683,1.6219580173492432
684,1.6218023300170898
685,1.621691346168518
686,1.621707797050476
687,1.6217502355575562
688,1.6217504739761353
689,1.621690034866333
690,1.621668815612793
691,1.6215728521347046
692,1.621690034866333
693,1.621653437614441
694,1.6215381622314453
695,1.6215778589248657
696,1.621655821800232
697,1.6218109130859375
698,1.6216785907745361
699,1.6218146085739136
700,1.621585726737976
701,1.6218311786651611
702,1.6216223239898682
703,1.6218284368515015
704,1.6217432022094727
705,1.621772050857544
706,1.621627688407898
707,1.621773600578308
708,1.6219345331192017
709,1.6217396259307861
710,1.6215797662734985
711,1.6215524673461914
712,1.6217142343521118
713,1.6216627359390259
714,1.6217705011367798
715,1.6216871738433838
716,1.6216659545898438
717,1.6218737363815308
718,1.6218767166137695
719,1.6217650175094604
720,1.6218605041503906
721,1.6218181848526
722,1.6215518712997437
723,1.6217384338378906
724,1.6217485666275024
725,1.6217443943023682
726,1.621935248374939
727,1.6216291189193726
728,1.6217126846313477
729,1.6215450763702393
730,1.6216341257095337
731,1.621827483177185
732,1.6215776205062866
733,1.62149178981781
734,1.6217358112335205
735,1.6217329502105713
736,1.6219536066055298
737,1.621698021888733
738,1.6217626333236694
739,1.6218689680099487
740,1.6217769384384155
741,1.6219351291656494
742,1.6216423511505127
743,1.6215234994888306
744,1.6217327117919922
745,1.6214765310287476
746,1.6218103170394897
747,1.6216119527816772
748,1.6217918395996094
749,1.621418833732605
750,1.6216503381729126
751,1.6215689182281494
752,1.621662974357605
753,1.6215485334396362
754,1.6216086149215698
755,1.6217564344406128
756,1.6217435598373413
757,1.621850609779358
758,1.6216999292373657
759,1.621782898902893
760,1.6215763092041016
761,1.6217657327651978
762,1.621772050857544
763,1.6217081546783447
764,1.6217283010482788
765,1.6216776371002197
766,1.62176513671875
767,1.6216720342636108
768,1.62177312374115
769,1.6216071844100952
770,1.621816635131836
771,1.6216347217559814
772,1.6218290328979492
773,1.6215651035308838
774,1.6213985681533813
775,1.6216490268707275
776,1.6216777563095093
777,1.6218219995498657
778,1.6216306686401367
779,1.6215633153915405
780,1.6216955184936523
781,1.6218830347061157
782,1.6217374801635742
783,1.6217091083526611
784,1.6217104196548462
785,1.6217037439346313
786,1.621685266494751
787,1.6216201782226562
788,1.6217724084854126
789,1.6213858127593994
790,1.6218169927597046
791,1.621677279472351
792,1.6217784881591797
793,1.6219185590744019
794,1.6216720342636108
795,1.6219249963760376
796,1.6214449405670166
797,1.621584177017212
798,1.6218851804733276
799,1.6215107440948486
800,1.6214808225631714
801,1.6216074228286743
802,1.6216624975204468
803,1.6218465566635132
804,1.6217759847640991
805,1.6216081380844116
806,1.6217790842056274
807,1.6218565702438354
808,1.621834397315979
809,1.6216747760772705
810,1.6217268705368042
811,1.6216318607330322
812,1.6216306686401367
813,1.621850848197937
814,1.6215933561325073
815,1.6218446493148804
816,1.6217148303985596
817,1.6217854022979736
818,1.6219362020492554
819,1.6217247247695923
820,1.6218760013580322
821,1.6214210987091064
822,1.6220072507858276
823,1.6216007471084595
824,1.621569037437439
825,1.621858835220337
826,1.6218960285186768
827,1.6218479871749878
828,1.621821403503418
829,1.6217224597930908
830,1.6218674182891846
831,1.6217501163482666
832,1.6218637228012085
833,1.6217832565307617
834,1.6215616464614868
835,1.6218540668487549
836,1.621869444847107
837,1.6218684911727905
838,1.621347427368164
839,1.6216400861740112
840,1.6217567920684814
841,1.6216449737548828
842,1.621660590171814
843,1.6216570138931274
844,1.6216697692871094
845,1.6218674182891846
846,1.6218403577804565
847,1.6217759847640991
848,1.6219547986984253
849,1.6215171813964844
850,1.6217149496078491
851,1.621800422668457
852,1.6215893030166626
853,1.6217120885849
854,1.621726393699646
855,1.6218317747116089
856,1.621851921081543
857,1.6217087507247925
858,1.621686339378357
859,1.621993064880371
860,1.6219974756240845
861,1.6216505765914917
862,1.6217294931411743
863,1.6217784881591797
864,1.6217435598373413
865,1.6218279600143433
866,1.6219199895858765
867,1.6218414306640625
868,1.6219762563705444
869,1.6215972900390625
870,1.6216639280319214
871,1.6218286752700806
872,1.6216366291046143
873,1.6216270923614502
874,1.6218950748443604
875,1.6215404272079468
876,1.621731162071228
877,1.621813416481018
878,1.6216233968734741
879,1.6216665506362915
880,1.6216734647750854
881,1.621832251548767
882,1.6218770742416382
883,1.6216022968292236
884,1.6217727661132812
885,1.6216245889663696
886,1.6216423511505127
887,1.6218174695968628
888,1.6217678785324097
889,1.6216932535171509
890,1.621843695640564
891,1.6217740774154663
892,1.6216264963150024
893,1.621894121170044
894,1.6218737363815308
895,1.6219532489776611
896,1.6217888593673706
897,1.6217117309570312
898,1.6218467950820923
899,1.6219342947006226
900,1.6217378377914429
901,1.6214841604232788
902,1.6217769384384155
903,1.6216481924057007
904,1.6217176914215088
905,1.621620774269104
906,1.6218441724777222
907,1.6217516660690308
908,1.6218222379684448
909,1.621813416481018
910,1.6216267347335815
911,1.6218181848526
912,1.6217812299728394
913,1.6217981576919556
914,1.621958613395691
915,1.621820092201233
916,1.621930718421936
917,1.6219367980957031
918,1.6217397451400757
919,1.6220314502716064
920,1.6216766834259033
921,1.6219606399536133
922,1.6216243505477905
923,1.621820092201233
924,1.621773362159729
925,1.6217058897018433
926,1.6218862533569336
927,1.621781349182129
928,1.6217930316925049
929,1.6215308904647827
930,1.6218702793121338
931,1.621665358543396
932,1.621763825416565
933,1.6217001676559448
934,1.621683955192566
935,1.6218374967575073
936,1.6218217611312866
937,1.6217139959335327
938,1.6217001676559448
939,1.621599793434143
940,1.6217625141143799
941,1.621687889099121
942,1.6218336820602417
943,1.62175714969635
944,1.621630311012268
945,1.6217199563980103
946,1.6216671466827393
947,1.6215161085128784
948,1.621800422668457
949,1.621822714805603
950,1.6216106414794922
951,1.6216620206832886
952,1.6216442584991455
953,1.6217035055160522
954,1.6217116117477417
955,1.6218061447143555
956,1.621740698814392
957,1.6217199563980103
958,1.6217472553253174
959,1.6216853857040405
960,1.6218101978302002
961,1.6217621564865112
962,1.6217066049575806
963,1.621731162071228
964,1.6216531991958618
965,1.6217659711837769
966,1.6215685606002808
967,1.621790885925293
968,1.6219736337661743
969,1.6218379735946655
970,1.6218613386154175
971,1.6217740774154663
972,1.6218293905258179
973,1.6217840909957886
974,1.6216096878051758
975,1.6215152740478516
976,1.6218807697296143
977,1.6217783689498901
978,1.6216977834701538
979,1.6216868162155151
980,1.6216102838516235
981,1.6216678619384766
982,1.6219538450241089
983,1.6218299865722656
984,1.621747374534607
985,1.621606707572937
986,1.6217091083526611
987,1.6215883493423462
988,1.6217011213302612
989,1.6216539144515991
990,1.621734857559204
991,1.6216671466827393
992,1.6219463348388672
993,1.6217454671859741
994,1.6218894720077515
995,1.6216226816177368
996,1.6218737363815308
997,1.621871829032898
998,1.62173330783844
999,1.6218464374542236
1000,1.6215623617172241
1001,1.6217619180679321
1002,1.6217235326766968
1003,1.621668815612793
1004,1.6215200424194336
1005,1.6219112873077393
1006,1.6216974258422852
1007,1.621567964553833
1008,1.6217306852340698
1009,1.621619462966919
1010,1.621842622756958
1011,1.6219004392623901
1012,1.6217758655548096
1013,1.6217983961105347
1014,1.6217654943466187
1015,1.6215718984603882
1016,1.6216586828231812
1017,1.6217399835586548
1018,1.6218420267105103
1019,1.6217155456542969
1020,1.6216484308242798
1021,1.6218559741973877
1022,1.6218947172164917
1023,1.6218000650405884
1024,1.6217330694198608
1025,1.6217663288116455
1026,1.621773362159729
1027,1.6217905282974243
1028,1.621897578239441
1029,1.6218572854995728
1030,1.6217546463012695
1031,1.6219513416290283
1032,1.6218500137329102
1033,1.6217565536499023
1034,1.6216539144515991
1035,1.6217657327651978
1036,1.6218494176864624
1037,1.621603012084961
1038,1.6217368841171265
1039,1.6219170093536377
1040,1.6220759153366089
1041,1.621808409690857
1042,1.6218231916427612
1043,1.621832251548767
1044,1.6218312978744507
1045,1.6218565702438354
1046,1.6216042041778564
1047,1.6218976974487305
1048,1.6216961145401
1049,1.621393084526062
1050,1.62154221534729
1051,1.621840476989746
1052,1.621760606765747
1053,1.6218397617340088
1054,1.6218127012252808
1055,1.6218178272247314
1056,1.621841311454773
1057,1.6216309070587158
1058,1.6218143701553345
1059,1.6219898462295532
1060,1.6216185092926025
1061,1.6217981576919556
1062,1.621805191040039
1063,1.6215673685073853
1064,1.6216109991073608
1065,1.6216903924942017
1066,1.6218563318252563
1067,1.6216310262680054
1068,1.6217939853668213
1069,1.6219085454940796
1070,1.6217586994171143
1071,1.6218395233154297
1072,1.6217838525772095
1073,1.6218595504760742
1074,1.6219542026519775
1075,1.621817946434021
1076,1.6217774152755737
1077,1.6219838857650757
1078,1.6217344999313354
1079,1.6218748092651367
1080,1.6218023300170898
1081,1.6216099262237549
1082,1.621625542640686
1083,1.6218194961547852
1084,1.6218055486679077
1085,1.6217613220214844
1086,1.6215492486953735
1087,1.6216992139816284
1088,1.621761679649353
1089,1.6214455366134644
1090,1.6219061613082886
1091,1.62152898311615
1092,1.6217371225357056
1093,1.6216455698013306
1094,1.621577262878418
1095,1.6216049194335938
1096,1.6218197345733643
1097,1.6218031644821167
1098,1.6218684911727905
1099,1.6217272281646729
1100,1.621724009513855
1101,1.621639609336853
1102,1.6218980550765991
1103,1.621782660484314
1104,1.6217283010482788
1105,1.6216052770614624
1106,1.6219879388809204
1107,1.621675729751587
1108,1.621792197227478
1109,1.6218916177749634
1110,1.6217936277389526
1111,1.6217621564865112
1112,1.6216610670089722
1113,1.621769905090332
1114,1.6218734979629517
1115,1.6218000650405884
1116,1.6217397451400757
1117,1.6215845346450806
1118,1.6216808557510376
1119,1.6217663288116455
1120,1.621846079826355
1121,1.6218454837799072
1122,1.6217634677886963
1123,1.621804118156433
1124,1.6216157674789429
1125,1.6216791868209839
1126,1.6218900680541992
1127,1.6218544244766235
1128,1.6218677759170532
1129,1.6216176748275757
1130,1.6219714879989624
1131,1.6219348907470703
1132,1.6217437982559204
1133,1.6216020584106445
1134,1.6218770742416382
1135,1.6216996908187866
1136,1.621890664100647
1137,1.62189519405365
1138,1.6218252182006836
1139,1.6217268705368042
1140,1.621825098991394
1141,1.6216543912887573
1142,1.6214485168457031
1143,1.6217985153198242
1144,1.6218308210372925
1145,1.6216922998428345
1146,1.6219581365585327
1147,1.6217803955078125
1148,1.6217536926269531
1149,1.6217460632324219
1150,1.6216497421264648
1151,1.621644377708435
1152,1.621881365776062
1153,1.6221214532852173
1154,1.621706247329712
1155,1.62179696559906
1156,1.6218016147613525
1157,1.6218315362930298
1158,1.6216672658920288
1159,1.6218293905258179
1160,1.6218845844268799
1161,1.6217749118804932
1162,1.6217230558395386
1163,1.6217390298843384
1164,1.6219764947891235
1165,1.6219667196273804
1166,1.6217693090438843
1167,1.6216020584106445
1168,1.6218427419662476
1169,1.6215969324111938
1170,1.6217005252838135
1171,1.6216118335723877
1172,1.6218353509902954
1173,1.6218538284301758
1174,1.6216973066329956
1175,1.6216953992843628
1176,1.6218035221099854
1177,1.621858835220337
1178,1.6217902898788452
1179,1.6218452453613281
1180,1.6217306852340698
1181,1.6216964721679688
1182,1.6216306686401367
1183,1.6218754053115845
1184,1.6215962171554565
1185,1.6214735507965088
1186,1.6216366291046143
1187,1.6217966079711914
1188,1.621860146522522
1189,1.6218769550323486
1190,1.6218470335006714
1191,1.6218938827514648
1192,1.6217495203018188
1193,1.6217809915542603
1194,1.6218475103378296
1195,1.6219618320465088
1196,1.6217727661132812
1197,1.6216890811920166
1198,1.6216896772384644
1199,1.6217386722564697
1200,1.6218185424804688
1201,1.6218451261520386
1202,1.6218489408493042
1203,1.621729850769043
1204,1.62187922000885
1205,1.6216665506362915
1206,1.6217777729034424
1207,1.6218448877334595
1208,1.6217886209487915
1209,1.6215898990631104
1210,1.6218518018722534
1211,1.6218594312667847
1212,1.6217416524887085
1213,1.6219005584716797
1214,1.621782898902893
1215,1.621833086013794
1216,1.6218900680541992
1217,1.6219221353530884
1218,1.621808409690857
1219,1.6217453479766846
1220,1.6218305826187134
1221,1.6219227313995361
1222,1.621987223625183
1223,1.6217787265777588
1224,1.6219234466552734
1225,1.621794581413269
1226,1.621721863746643
1227,1.6218655109405518
1228,1.6217387914657593
1229,1.6215794086456299
1230,1.621630311012268
1231,1.621877908706665
1232,1.6218159198760986
1233,1.6216554641723633
1234,1.6217117309570312
1235,1.6217889785766602
1236,1.6215866804122925
1237,1.621802568435669
1238,1.621949553489685
1239,1.6219007968902588
1240,1.6215652227401733
1241,1.6218931674957275
1242,1.621649980545044
1243,1.6219027042388916
1244,1.6218194961547852
1245,1.6218258142471313
1246,1.621761679649353
1247,1.6218153238296509
1248,1.6216506958007812
1249,1.6216639280319214
1250,1.6217577457427979
1251,1.621835708618164
1252,1.6218000650405884
1253,1.621577262878418
1254,1.621707558631897
1255,1.6217466592788696
1256,1.621673822402954
1257,1.6217468976974487
1258,1.6217901706695557
1259,1.621675729751587
1260,1.6220518350601196
1261,1.6217142343521118
1262,1.62184739112854
1263,1.6217483282089233
1264,1.6218925714492798
1265,1.6218212842941284
1266,1.6218279600143433
1267,1.6216261386871338
1268,1.621886134147644
1269,1.621702790260315
1270,1.621717095375061
1271,1.6216833591461182
1272,1.6216763257980347
1273,1.6217397451400757
1274,1.6216214895248413
1275,1.6218308210372925
1276,1.6218098402023315
1277,1.6216604709625244
1278,1.6219357252120972
1279,1.6218960285186768
1280,1.6218448877334595
1281,1.6219733953475952
1282,1.6219316720962524
1283,1.6218369007110596
1284,1.6215900182724
1285,1.621916651725769
1286,1.6217283010482788
1287,1.621850848197937
1288,1.6219745874404907
1289,1.621927261352539
1290,1.6217979192733765
1291,1.6219648122787476
1292,1.621897578239441
1293,1.6218881607055664
1294,1.6217201948165894
1295,1.6217409372329712
1296,1.6218332052230835
1297,1.621816873550415
1298,1.6218162775039673
1299,1.621736764907837
1300,1.6218985319137573
1301,1.6217187643051147
1302,1.6216410398483276
1303,1.6217269897460938
1304,1.6218260526657104
1305,1.6217526197433472
1306,1.6217771768569946
1307,1.6218534708023071
1308,1.6217231750488281
1309,1.6216936111450195
1310,1.621894121170044
1311,1.6218289136886597
1312,1.6216392517089844
1313,1.6217111349105835
1314,1.6216812133789062
1315,1.621726393699646
1316,1.6217926740646362
1317,1.6217412948608398
1318,1.6218931674957275
1319,1.6218798160552979
1320,1.6216903924942017
1321,1.6218550205230713
1322,1.6216402053833008
1323,1.621721625328064
1324,1.6218550205230713
1325,1.621550440788269
1326,1.6217502355575562
1327,1.6218079328536987
1328,1.6218029260635376
1329,1.6215966939926147
1330,1.6217597723007202
1331,1.6216799020767212
1332,1.6216434240341187
1333,1.6218550205230713
1334,1.621778130531311
1335,1.621654748916626
1336,1.6217460632324219
1337,1.6217260360717773
1338,1.6215829849243164
1339,1.621913194656372
1340,1.6217974424362183
1341,1.6217288970947266
1342,1.621720314025879
1343,1.6217968463897705
1344,1.6217201948165894
1345,1.6215332746505737
1346,1.6218184232711792
1347,1.621616244316101
1348,1.6217422485351562
1349,1.6217268705368042
1350,1.6217726469039917
1351,1.6216343641281128
1352,1.6219156980514526
1353,1.6217845678329468
1354,1.6216224431991577
1355,1.6216576099395752
1356,1.6219905614852905
1357,1.6216071844100952
1358,1.6217914819717407
1359,1.621550440788269
1360,1.6218153238296509
1361,1.621792197227478
1362,1.621911644935608
1363,1.6218130588531494
1364,1.62148118019104
1365,1.621885895729065
1366,1.6217873096466064
1367,1.6218279600143433
1368,1.6217670440673828
1369,1.6217278242111206
1370,1.62188720703125
1371,1.6217402219772339
1372,1.6215037107467651
1373,1.6217453479766846
1374,1.6217536926269531
1375,1.6216754913330078
1376,1.6216493844985962
1377,1.6217689514160156
1378,1.621790885925293
1379,1.6216566562652588
1380,1.621598482131958
1381,1.6216201782226562
1382,1.6219618320465088
1383,1.621850848197937
1384,1.6216528415679932
1385,1.6218448877334595
1386,1.6219065189361572
1387,1.6216179132461548
1388,1.6215251684188843
1389,1.6217316389083862
1390,1.6218016147613525
1391,1.621769905090332
1392,1.621806025505066
1393,1.6217262744903564
1394,1.6216566562652588
1395,1.62179696559906
1396,1.621960997581482
1397,1.6219059228897095
1398,1.6216353178024292
1399,1.6218637228012085
1400,1.6217583417892456
1401,1.6219278573989868
1402,1.6218723058700562
1403,1.6217005252838135
1404,1.6217842102050781
1405,1.6217241287231445
1406,1.6218318939208984
1407,1.6216789484024048
1408,1.6218713521957397
1409,1.6219114065170288
1410,1.6217178106307983
1411,1.621820092201233
1412,1.6217195987701416
1413,1.6218388080596924
1414,1.6219255924224854
1415,1.6218969821929932
1416,1.621836543083191
1417,1.6219103336334229
1418,1.621612787246704
1419,1.6216620206832886
1420,1.62188720703125
1421,1.621972680091858
1422,1.621776819229126
1423,1.6217316389083862
1424,1.6215914487838745
1425,1.6217950582504272
1426,1.6217142343521118
1427,1.6217586994171143
1428,1.6217355728149414
1429,1.6218327283859253
1430,1.6219110488891602
1431,1.6220062971115112
1432,1.6216529607772827
1433,1.621911883354187
1434,1.621903419494629
1435,1.6218103170394897
1436,1.6218702793121338
1437,1.6214693784713745
1438,1.621829867362976
1439,1.6216777563095093
1440,1.6216223239898682
1441,1.6218785047531128
1442,1.6216604709625244
1443,1.6218944787979126
1444,1.6216272115707397
1445,1.6215794086456299
1446,1.6216648817062378
1447,1.6216316223144531
1448,1.6218589544296265
1449,1.621677041053772
1450,1.622022032737732
1451,1.6219946146011353
1452,1.621679663658142
1453,1.6219154596328735
1454,1.6216121912002563
1455,1.6219549179077148
1456,1.621686339378357
1457,1.6216135025024414
1458,1.6216341257095337
1459,1.621917724609375
1460,1.6217390298843384
1461,1.621794581413269
1462,1.6219137907028198
1463,1.621707558631897
1464,1.621718406677246
1465,1.6218565702438354
1466,1.621677041053772
1467,1.6218401193618774
1468,1.6217445135116577
1469,1.6216741800308228
1470,1.6217044591903687
1471,1.6218286752700806
1472,1.6219536066055298
1473,1.621768593788147
1474,1.622040033340454
1475,1.6216421127319336
1476,1.6218146085739136
1477,1.6219967603683472
1478,1.6217197179794312
1479,1.6220492124557495
1480,1.6216646432876587
1481,1.6218016147613525
1482,1.6218633651733398
1483,1.6215680837631226
1484,1.6218973398208618
1485,1.6216691732406616
1486,1.6218496561050415
1487,1.6219080686569214
1488,1.6219450235366821
1489,1.6217397451400757
1490,1.6219431161880493
1491,1.621628999710083
1492,1.6218351125717163
1493,1.6217721700668335
1494,1.6216518878936768
1495,1.6218513250350952
1496,1.6216543912887573
1497,1.6218229532241821
1498,1.6217201948165894
1499,1.6216663122177124
1500,1.6218019723892212
1501,1.6217485666275024
1502,1.6218746900558472
1503,1.6218818426132202
1504,1.6218560934066772
1505,1.621904969215393
1506,1.621707797050476
1507,1.621785044670105
1508,1.6216017007827759
1509,1.6218067407608032
1510,1.621787667274475
1511,1.621867060661316
1512,1.6217411756515503
1513,1.6219223737716675
1514,1.621717095375061
1515,1.6217546463012695
1516,1.621850848197937
1517,1.6218560934066772
1518,1.6218395233154297
1519,1.6217241287231445
1520,1.6216201782226562
1521,1.6217845678329468
1522,1.6216896772384644
1523,1.6219669580459595
1524,1.6216071844100952
1525,1.6216925382614136
1526,1.621738314628601
1527,1.6217374801635742
1528,1.6217873096466064
1529,1.6218311786651611
1530,1.6218169927597046
1531,1.6216408014297485
1532,1.621806025505066
1533,1.621739387512207
1534,1.6216052770614624
1535,1.6219208240509033
1536,1.6218559741973877
1537,1.6217823028564453
1538,1.6217676401138306
1539,1.6218773126602173
1540,1.6217269897460938
1541,1.621839165687561
1542,1.6218376159667969
1543,1.6217844486236572
1544,1.6220163106918335
1545,1.6216353178024292
1546,1.621710181236267
1547,1.6215728521347046
1548,1.6216729879379272
1549,1.6215927600860596
1550,1.6216652393341064
1551,1.6219068765640259
1552,1.621895432472229
1553,1.62177312374115
1554,1.6217840909957886
1555,1.6216810941696167
1556,1.6216896772384644
1557,1.622046709060669
1558,1.621708869934082
1559,1.621912956237793
1560,1.6219154596328735
1561,1.6217941045761108
1562,1.6217979192733765
1563,1.6219309568405151
1564,1.6217806339263916
1565,1.6216992139816284
1566,1.6218969821929932
1567,1.6218067407608032
1568,1.621734857559204
1569,1.6219662427902222
1570,1.6218332052230835
1571,1.6215909719467163
1572,1.6215307712554932
1573,1.6216782331466675
1574,1.621900200843811
1575,1.6218477487564087
1576,1.6218864917755127
1577,1.6219195127487183
1578,1.6217920780181885
1579,1.6218502521514893
1580,1.6218856573104858
1581,1.6218432188034058
1582,1.6216535568237305
1583,1.6215847730636597
1584,1.6218996047973633
1585,1.6218856573104858
1586,1.6217783689498901
1587,1.6218481063842773
1588,1.621747612953186
1589,1.6219247579574585
1590,1.6217230558395386
1591,1.6218456029891968
1592,1.621703028678894
1593,1.6217683553695679
1594,1.6217939853668213
1595,1.6218229532241821
1596,1.6216415166854858
1597,1.6217972040176392
1598,1.621652603149414
1599,1.62191903591156
1600,1.621764063835144
1601,1.6218589544296265
1602,1.6216284036636353
1603,1.6218738555908203
1604,1.6215864419937134
1605,1.6218394041061401
1606,1.621841311454773
1607,1.6218006610870361
1608,1.621698021888733
1609,1.6217148303985596
1610,1.621669054031372
1611,1.6217674016952515
1612,1.6218105554580688
1613,1.6218904256820679
1614,1.621853232383728
1615,1.6217491626739502
1616,1.621943473815918
1617,1.6217262744903564
1618,1.6219459772109985
1619,1.6215463876724243
1620,1.6215622425079346
1621,1.6218286752700806
1622,1.6217962503433228
1623,1.6217926740646362
1624,1.621899962425232
1625,1.6217533349990845
1626,1.6219974756240845
1627,1.621808648109436
1628,1.6217011213302612
1629,1.6219154596328735
1630,1.6218219995498657
1631,1.6216928958892822
1632,1.6215940713882446
1633,1.6217575073242188
1634,1.621881365776062
1635,1.6217975616455078
1636,1.621759295463562
1637,1.6218866109848022
1638,1.6217113733291626
1639,1.6219110488891602
1640,1.6215734481811523
1641,1.6218284368515015
1642,1.6217634677886963
1643,1.6219528913497925
1644,1.6217548847198486
1645,1.62175714969635
1646,1.6216405630111694
1647,1.621703028678894
1648,1.621658205986023
1649,1.6219056844711304
1650,1.6217546463012695
1651,1.6217659711837769
1652,1.6218706369400024
1653,1.62157142162323
1654,1.621715784072876
1655,1.6215912103652954
1656,1.621828317642212
1657,1.6215733289718628
1658,1.621795892715454
1659,1.6217708587646484
1660,1.621989130973816
1661,1.6216318607330322
1662,1.6218994855880737
1663,1.6219921112060547
1664,1.6216810941696167
1665,1.6214967966079712
1666,1.621934175491333
1667,1.621746301651001
1668,1.6218174695968628
1669,1.621683120727539
1670,1.6217273473739624
1671,1.6218897104263306
1672,1.6219061613082886
1673,1.6217762231826782
1674,1.6217983961105347
1675,1.6218088865280151
1676,1.6218671798706055
1677,1.6217527389526367
1678,1.6219366788864136
1679,1.6220066547393799
1680,1.62177312374115
1681,1.6217902898788452
1682,1.6218513250350952
1683,1.6217774152755737
1684,1.621913194656372
1685,1.621609091758728
1686,1.6216639280319214
1687,1.6217416524887085
1688,1.6219452619552612
1689,1.6219234466552734
1690,1.6217716932296753
1691,1.6218827962875366
1692,1.6217466592788696
1693,1.62204110622406
1694,1.6219367980957031
1695,1.6218054294586182
1696,1.6218054294586182
1697,1.6219682693481445
1698,1.6216520071029663
1699,1.621834397315979
1700,1.6217777729034424
1701,1.6216709613800049
1702,1.6218359470367432
1703,1.621627688407898
1704,1.6219004392623901
1705,1.6218582391738892
1706,1.6219863891601562
1707,1.6217586994171143
1708,1.6217882633209229
1709,1.6218277215957642
1710,1.6216877698898315
1711,1.6216293573379517
1712,1.6215931177139282
1713,1.6218010187149048
1714,1.6216932535171509
1715,1.621855616569519
1716,1.6217819452285767
1717,1.6217365264892578
1718,1.6217845678329468
1719,1.6216058731079102
1720,1.6217329502105713
1721,1.6218124628067017
1722,1.621795892715454
1723,1.6217358112335205
1724,1.6218156814575195
1725,1.6219348907470703
1726,1.62193763256073
1727,1.621781587600708
1728,1.6218808889389038
1729,1.6217790842056274
1730,1.6219631433486938
1731,1.6218074560165405
1732,1.6218814849853516
1733,1.621808648109436
1734,1.6217119693756104
1735,1.62176513671875
1736,1.6216986179351807
1737,1.6215965747833252
1738,1.6218212842941284
1739,1.621755838394165
1740,1.6216726303100586
1741,1.6218546628952026
1742,1.621826410293579
1743,1.6218613386154175
1744,1.6217180490493774
1745,1.6218187808990479
1746,1.6218279600143433
1747,1.6218467950820923
1748,1.6219427585601807
1749,1.6219829320907593
1750,1.622008204460144
1751,1.6219290494918823
1752,1.6219751834869385
1753,1.6219662427902222
1754,1.6216518878936768
1755,1.6219366788864136
1756,1.621843934059143
1757,1.6219141483306885
1758,1.6216719150543213
1759,1.621964693069458
1760,1.6218169927597046
1761,1.6217035055160522
1762,1.62187922000885
1763,1.6217085123062134
1764,1.6217625141143799
1765,1.6219345331192017
1766,1.6217631101608276
1767,1.6219711303710938
1768,1.621782898902893
1769,1.6217974424362183
1770,1.6218355894088745
1771,1.6217421293258667
1772,1.621895432472229
1773,1.6216198205947876
1774,1.6218265295028687
1775,1.6219412088394165
1776,1.6219218969345093
1777,1.622022271156311
1778,1.6218575239181519
1779,1.6217504739761353
1780,1.6217358112335205
1781,1.6220520734786987
1782,1.6218643188476562
1783,1.6218292713165283
1784,1.621751070022583
1785,1.6216766834259033
1786,1.6216806173324585
1787,1.6218169927597046
1788,1.6219052076339722
1789,1.621856689453125
1790,1.6215943098068237
1791,1.621781587600708
1792,1.6217025518417358
1793,1.6218003034591675
1794,1.6216570138931274
1795,1.6218584775924683
1796,1.6219074726104736
1797,1.6218229532241821
1798,1.6218010187149048
1799,1.6218090057373047
1800,1.621633529663086
1801,1.6216503381729126
1802,1.6218206882476807
1803,1.62161123752594
1804,1.6218146085739136
1805,1.6219478845596313
1806,1.6216455698013306
1807,1.6218538284301758
1808,1.6216884851455688
1809,1.6216827630996704
1810,1.6217024326324463
1811,1.6215708255767822
1812,1.6217793226242065
1813,1.6217368841171265
1814,1.6218633651733398
1815,1.6220167875289917
1816,1.621890664100647
1817,1.6218492984771729
1818,1.6218578815460205
1819,1.6218388080596924
1820,1.6217660903930664
1821,1.6218973398208618
1822,1.6219090223312378
1823,1.6218160390853882
1824,1.6215648651123047
1825,1.6216562986373901
1826,1.621943473815918
1827,1.6218599081039429
1828,1.621889352798462
1829,1.6217842102050781
1830,1.6217215061187744
1831,1.622153878211975
1832,1.621938705444336
1833,1.6217243671417236
1834,1.6218808889389038
1835,1.6216968297958374
1836,1.6218500137329102
1837,1.6218122243881226
1838,1.6219183206558228
1839,1.6217859983444214
1840,1.6217478513717651
1841,1.621774673461914
1842,1.6218527555465698
1843,1.6220601797103882
1844,1.621755599975586
1845,1.621839165687561
1846,1.6218522787094116
1847,1.6217495203018188
1848,1.621827483177185
1849,1.6218303442001343
1850,1.6219778060913086
1851,1.621804118156433
1852,1.621537446975708
1853,1.6216459274291992
1854,1.6216446161270142
1855,1.6218063831329346
1856,1.621694803237915
1857,1.6219103336334229
1858,1.6219526529312134
1859,1.6217126846313477
1860,1.6218246221542358
1861,1.6217187643051147
1862,1.6217679977416992
1863,1.6217683553695679
1864,1.6217793226242065
1865,1.6219898462295532
1866,1.6218963861465454
1867,1.6218544244766235
1868,1.6218160390853882
1869,1.6217695474624634
1870,1.6218750476837158
1871,1.6216169595718384
1872,1.6219027042388916
1873,1.6218773126602173
1874,1.6218481063842773
1875,1.6218241453170776
1876,1.6215962171554565
1877,1.6218194961547852
1878,1.6218212842941284
1879,1.6216379404067993
1880,1.6217329502105713
1881,1.6217126846313477
1882,1.6219269037246704
1883,1.621934175491333
1884,1.6218254566192627
1885,1.621767282485962
1886,1.6218584775924683
1887,1.621862769126892
1888,1.6216907501220703
1889,1.6216710805892944
1890,1.6218374967575073
1891,1.6219313144683838
1892,1.6218239068984985
1893,1.6217809915542603
1894,1.6219482421875
1895,1.6216152906417847
1896,1.6217783689498901
1897,1.6218092441558838
1898,1.6216974258422852
1899,1.6216768026351929
1900,1.6217033863067627
1901,1.6218489408493042
1902,1.6215988397598267
1903,1.6218675374984741
1904,1.6217237710952759
1905,1.6217892169952393
1906,1.6217600107192993
1907,1.6218140125274658
1908,1.6217784881591797
1909,1.6217683553695679
1910,1.6217615604400635
1911,1.6218003034591675
1912,1.6217594146728516
1913,1.6219816207885742
1914,1.6218805313110352
1915,1.62173330783844
1916,1.6218351125717163
1917,1.621601939201355
1918,1.621787428855896
1919,1.6219011545181274
1920,1.6218225955963135
1921,1.6218671798706055
1922,1.6219068765640259
1923,1.6217577457427979
1924,1.6216567754745483
1925,1.6218889951705933
1926,1.6219295263290405
1927,1.6217174530029297
